class_idx,auroc
0,0.96111107
1,0.7373737
2,0.9595959
3,0.9555555
4,0.9861111
5,0.85
