class_idx,auroc
0,0.76344085
1,0.99019605
2,0.9090909
3,0.9516129
4,0.9066667
5,0.82258064
