class_idx,auroc
0,0.87096775
1,0.72794116
2,0.9333333
3,0.9818182
4,0.92307687
5,0.7603687
