class_idx,auroc
0,0.843318
1,0.75
2,0.96190476
3,0.9939394
4,0.8974359
5,0.6175115
