class_idx,auroc
0,0.6989247
1,0.9607843
2,0.75
3,1.0
4,0.86
5,0.88709676
