class_idx,auroc
0,0.85555553
1,0.9292929
2,0.9292929
3,0.99999994
4,0.9618056
5,0.84444445
