class_idx,auroc
0,0.96825397
1,0.8688525
2,0.9014883
3,0.95108694
4,0.82990783
5,0.95666665
