class_idx,auroc
0,0.9739011
1,0.78589743
2,0.99657065
3,0.9813664
4,0.81492114
5,0.83932585
