class_idx,auroc
0,0.9047619
1,0.8394283
2,0.9546421
3,0.8586956
4,0.7537203
5,0.87436163
