class_idx,auroc
0,0.9279891
1,0.8283334
2,0.9064493
3,0.96006143
4,0.8065202
5,0.77732384
