class_idx,auroc
0,0.87637365
1,0.7662393
2,0.95404667
3,0.9425466
4,0.8020086
5,0.80674154
