class_idx,auroc
0,0.90796703
1,0.7952991
2,0.88957477
3,0.8804348
4,0.84791964
5,0.8258427
