class_idx,auroc
0,0.93406594
1,0.8371795
2,0.87585735
3,0.878882
4,0.8737446
5,0.88988763
