class_idx,auroc
0,0.8974359
1,0.8163094
2,0.85542166
3,0.9578804
4,0.82366073
5,0.8416752
