class_idx,auroc
0,0.8705739
1,0.84110975
2,0.8667612
3,0.9388587
4,0.94755495
5,0.90999997
