class_idx,auroc
0,0.7581522
1,0.68708336
2,0.68532956
3,0.70353305
4,0.7696669
5,0.80183864
