class_idx,auroc
0,0.9768009
1,0.8738966
2,0.8568391
3,0.9211956
4,0.8235294
5,0.92555547
