class_idx,auroc
0,0.9175824
1,0.8286325
2,0.9718793
3,0.8881988
4,0.8959828
5,0.8820225
