class_idx,auroc
0,0.98233694
1,0.8658333
2,0.9737775
3,0.953917
4,0.86605245
5,0.86823297
