class_idx,auroc
0,0.9505494
1,0.9094017
2,0.978738
3,0.96428573
4,0.8995696
5,0.9752809
