class_idx,auroc
0,0.9816849
1,0.8764187
2,0.897236
3,0.9673913
4,0.9122024
5,0.93973446
