class_idx,auroc
0,0.82777774
1,0.94949496
2,0.7676768
3,0.98888886
4,0.90625
5,0.90555555
