class_idx,auroc
0,0.6451613
1,0.8137255
2,0.75757575
3,0.9569893
4,0.7966667
5,0.79032254
