class_idx,auroc
0,0.87096775
1,0.7867647
2,1.0
3,0.9757576
4,0.9070512
5,0.686636
