class_idx,auroc
0,1.0
1,0.825
2,0.9241673
3,0.96006143
4,0.761871
5,0.8181819
