class_idx,auroc
0,0.9010989
1,0.82094014
2,0.94513035
3,0.87732923
4,0.9167862
5,0.9022472
