class_idx,auroc
0,0.9853479
1,0.9007987
2,0.92274976
3,0.9646739
4,0.8511905
5,0.907048
