class_idx,auroc
0,0.9255189
1,0.8562422
2,0.88377035
3,0.9402174
4,0.92204106
5,0.96333325
