class_idx,auroc
0,0.7870879
1,0.8923077
2,0.93347055
3,0.947205
4,0.8866571
5,0.9325843
