class_idx,auroc
0,0.9365079
1,0.8823035
2,0.95464206
3,0.9850544
4,0.7745536
5,0.90909094
