class_idx,auroc
0,0.75
1,0.85512817
2,0.9410151
3,0.94409937
4,0.91032994
5,0.90337074
