class_idx,auroc
0,0.9945652
1,0.8641667
2,0.94826365
3,0.9800307
4,0.76683205
5,0.78549546
