class_idx,auroc
0,0.9389499
1,0.8852459
2,0.8809355
3,0.8817935
4,0.8398299
5,0.9777777
