class_idx,auroc
0,0.8956044
1,0.8188034
2,0.97119343
3,0.92857146
4,0.8593974
5,0.87078655
