class_idx,auroc
0,0.88018435
1,0.7205882
2,0.8190476
3,0.9818182
4,0.8878205
5,0.6728111
