class_idx,auroc
0,0.7849462
1,0.9607843
2,0.9166667
3,1.0
4,0.91333336
5,0.70967746
