class_idx,auroc
0,0.9333333
1,0.6767677
2,0.8383838
3,0.9777777
4,0.9340278
5,0.7277778
