class_idx,auroc
0,0.9670329
1,0.9264958
2,0.978738
3,0.9829193
4,0.902439
5,0.97191006
