class_idx,auroc
0,0.90796703
1,0.8559829
2,0.9903978
3,0.9440993
4,0.92324245
5,0.9426966
