class_idx,auroc
0,0.9932065
1,0.8295833
2,0.9815734
3,0.9477727
4,0.8681786
5,0.8866191
