class_idx,auroc
0,0.90354085
1,0.9058428
2,0.9411764
3,0.91711956
4,0.86605245
5,0.9499999
