class_idx,auroc
0,0.9816849
1,0.90542245
2,0.9652729
3,0.97418475
4,0.86830354
5,0.9448417
