class_idx,auroc
0,0.87096775
1,0.75735295
2,0.99047613
3,1.0
4,0.92307687
5,0.686636
