class_idx,auroc
0,0.64516133
1,0.98039216
2,0.8181818
3,0.9892473
4,0.9333334
5,0.87096775
