class_idx,auroc
0,0.9333333
1,0.8080808
2,0.8888889
3,0.9666666
4,0.9479167
5,0.8833333
