class_idx,auroc
0,0.8620269
1,0.8524591
2,0.81644225
3,0.9524456
4,0.85471296
5,0.8655555
