class_idx,auroc
0,0.83016306
1,0.81416667
2,0.92558473
3,0.96313363
4,0.6980865
5,0.8518897
