class_idx,auroc
0,0.92582417
1,0.8226496
2,0.91838133
3,0.90683234
4,0.8472023
5,0.81685394
