class_idx,auroc
0,0.9024725
1,0.81837606
2,0.90192044
3,0.9161491
4,0.8751793
5,0.90674156
