class_idx,auroc
0,0.9841269
1,0.84867597
2,0.934798
3,0.95652175
4,0.82589287
5,0.8232891
