class_idx,auroc
0,0.8666667
1,0.7070707
2,0.8787879
3,0.9666666
4,0.9513889
5,0.9111111
