class_idx,auroc
0,0.7580645
1,0.98039216
2,0.8787879
3,0.9516129
4,0.8466667
5,0.81182796
