class_idx,auroc
0,0.92626727
1,0.8088235
2,0.96190476
3,0.969697
4,0.92628205
5,0.7235023
