class_idx,auroc
0,0.8663594
1,0.85294116
2,0.82857144
3,0.9878788
4,0.88141024
5,0.61290324
