class_idx,auroc
0,0.87777776
1,0.82828283
2,0.8686869
3,0.9777777
4,0.9375
5,0.6888889
