class_idx,auroc
0,0.8494624
1,0.99019605
2,0.9015151
3,1.0
4,0.83
5,0.81182796
