class_idx,auroc
0,0.9052198
1,0.82991457
2,0.9698217
3,0.87732923
4,0.86944044
5,0.8820225
