class_idx,auroc
0,0.9304029
1,0.85329974
2,0.9631467
3,0.9633152
4,0.7708334
5,0.8529112
