class_idx,auroc
0,0.9752747
1,0.8846154
2,0.9067216
3,0.9549689
4,0.8981348
5,0.91348314
