class_idx,auroc
0,0.90081525
1,0.80333334
2,0.94401133
3,0.9769585
4,0.7207654
5,0.79468846
