class_idx,auroc
0,0.8949939
1,0.8478352
2,0.874557
3,0.98913044
4,0.91708004
5,0.9388889
