class_idx,auroc
0,0.87096775
1,0.8455882
2,1.0
3,0.8363637
4,0.9198718
5,0.7235023
