class_idx,auroc
0,0.5376344
1,0.84313726
2,0.8863636
3,0.91935486
4,0.8
5,0.8494624
