class_idx,auroc
0,0.82222223
1,0.91919196
2,0.9090909
3,0.91111106
4,0.9513889
5,0.8722222
